Computer Name,OS,CPU,Last Report Time,Locked,BES Relay Selection Method,Relay,User Name,RAM,Free Space on System Drive,Total Size of System Drive,Subnet Address
SYDW10R4GY1,Win7 6.1.7601,3400 MHz Core i7-3770,4/13/2018 10:23:37 AM,No,Manual,sydwisccm01.global.thenational.com:52311,jdalton,16320 MB,8682 MB,121792 MB,10.16.200.0
SYDW12F1ZY1,Win7 6.1.7601,3400 MHz Core i7-3770,4/13/2018 10:08:39 AM,No,Manual,sydwisccm01.global.thenational.com:52311,<none>,16320 MB,15607 MB,121792 MB,10.16.200.0
SYDW15F1ZY1,Win7 6.1.7601,3400 MHz Core i7-3770,4/13/2018 9:33:32 AM,No,Manual,sydwisccm01.global.thenational.com:52311,astrizhe,16352 MB,26137 MB,121792 MB,10.16.200.0
SYDW18R4GY1,Win7 6.1.7601,3400 MHz Core i7-3770,4/13/2018 10:19:16 AM,No,Manual,bkhwisads01.global.thenational.com:52311,<none>,16320 MB,6397 MB,121792 MB,10.16.200.0
SYDW191DHY1,Win7 6.1.7601,3400 MHz Core i7-3770,4/13/2018 10:18:32 AM,No,Manual,bkhwisads01.global.thenational.com:52311,<none>,16320 MB,29381 MB,121792 MB,10.16.95.0
SYDW1L2CHY1,Win7 6.1.7601,3400 MHz Core i7-3770,4/13/2018 10:25:03 AM,No,Manual,bkhwisads01.global.thenational.com:52311,<none>,16320 MB,35831 MB,121792 MB,10.16.95.0
SYDW1LTL8X1,Win7 6.1.7601,3400 MHz Core i7-3770,4/13/2018 8:25:56 AM,No,Manual,sydwisccm01.global.thenational.com:52311,sbarrake,16320 MB,8162 MB,121792 MB,10.16.200.0
SYDW1M91QM2,Win7 6.1.7601,3400 MHz Core i7-6700,4/13/2018 9:41:52 AM,No,Manual,sydwisccm01.global.thenational.com:52311,esacco,16256 MB,152767 MB,243696 MB,10.16.200.0
SYDW1MB4QM2,Win7 6.1.7601,3400 MHz Core i7-6700,4/10/2018 8:03,No,Manual,sydwisccm01.global.thenational.com:52311,<none>,16256 MB,158939 MB,243696 MB,10.16.200.0
SYDW1MF5QM2,Win7 6.1.7601,3400 MHz Core i7-6700,4/13/2018 6:39:40 AM,No,Manual,sydwisccm01.global.thenational.com:52311,cwoo,16256 MB,164015 MB,243696 MB,10.16.200.0
SYDW1MJ4QM2,Win7 6.1.7601,3400 MHz Core i7-6700,4/13/2018 10:05:07 AM,No,Manual,sydwisccm01.global.thenational.com:52311,<none>,16256 MB,160023 MB,243696 MB,10.16.200.0
SYDW1MP5QM2,Win7 6.1.7601,3400 MHz Core i7-6700,4/13/2018 9:01:19 AM,No,Manual,sydwisccm01.global.thenational.com:52311,cbowes,16256 MB,158254 MB,243696 MB,10.16.200.0
SYDW1MS4QM2,Win7 6.1.7601,3400 MHz Core i7-6700,4/13/2018 9:35:23 AM,No,Manual,MELWISBFX04.global.thenational.com:52311,ekazepid,16256 MB,158537 MB,243696 MB,10.16.200.0
SYDW1MTL8X1,Win7 6.1.7601,3400 MHz Core i7-3770,4/13/2018 10:19:52 AM,No,Manual,sydwisccm01.global.thenational.com:52311,mtsakiri,16320 MB,12763 MB,121792 MB,10.16.200.0
SYDW1MTYPM2,Win7 6.1.7601,3400 MHz Core i7-6700,4/06/2018 9:52,No,Manual,MELWISBFX04.global.thenational.com:52311,<none>,16256 MB,169202 MB,243696 MB,10.16.200.0
SYDW1N66HY1,Win7 6.1.7601,3400 MHz Core i7-3770,4/13/2018 10:00:17 AM,No,Manual,bkhwisads01.global.thenational.com:52311,<none>,16320 MB,15745 MB,121792 MB,10.16.95.0
SYDW1N66QM2,Win7 6.1.7601,3400 MHz Core i7-6700,4/13/2018 10:26:51 AM,No,Manual,MELWISBFX04.global.thenational.com:52311,<none>,16256 MB,172808 MB,243696 MB,10.16.200.0
SYDW1NNL9M2,Win7 6.1.7601,3400 MHz Core i7-6700,4/13/2018 8:27:52 AM,No,Manual,sydwisccm01.global.thenational.com:52311,mjones8,16256 MB,157408 MB,243696 MB,10.16.200.0
SYDW1NNR9M2,Win7 6.1.7601,3400 MHz Core i7-6700,4/13/2018 9:43:43 AM,No,Manual,sydwisccm01.global.thenational.com:52311,pxgu,16256 MB,57603 MB,243696 MB,10.16.200.0
SYDW1NNV9M2,Win7 6.1.7601,3400 MHz Core i7-6700,4/13/2018 10:04:48 AM,No,Manual,sydwisccm01.global.thenational.com:52311,mahall,16256 MB,156362 MB,243696 MB,10.16.200.0
SYDW1NPR9M2,Win7 6.1.7601,3400 MHz Core i7-6700,4/12/2018 23:12,No,Manual,sydwisccm01.global.thenational.com:52311,mniyad,16256 MB,66004 MB,243696 MB,10.16.200.0
SYDW1NPT9M2,Win7 6.1.7601,3400 MHz Core i7-6700,4/13/2018 9:59:57 AM,No,Manual,sydwisccm01.global.thenational.com:52311,dstump,16256 MB,146434 MB,243696 MB,10.16.200.0
SYDW1NQL9M2,Win7 6.1.7601,3400 MHz Core i7-6700,4/13/2018 9:45:26 AM,No,Manual,aupr2bf017nabrm.aur.national.com.au:52311,<none>,16256 MB,121638 MB,243696 MB,10.101.228.0
SYDW1NQV9M2,Win7 6.1.7601,3400 MHz Core i7-6700,4/13/2018 5:22:03 AM,No,Manual,sydwisccm01.global.thenational.com:52311,tvanders,16256 MB,87978 MB,243696 MB,10.16.200.0
SYDW1NRP9M2,Win7 6.1.7601,3400 MHz Core i7-6700,4/13/2018 9:05:34 AM,No,Manual,sydwisccm01.global.thenational.com:52311,gmorona,16256 MB,147411 MB,243696 MB,10.16.200.0
SYDW1NRR9M2,Win7 6.1.7601,3400 MHz Core i7-6700,4/13/2018 9:02:35 AM,No,Manual,MELWISBFX04.global.thenational.com:52311,jawatson,16256 MB,155637 MB,243696 MB,10.16.200.0
SYDW1NRT9M2,Win7 6.1.7601,3400 MHz Core i7-6700,4/13/2018 9:28:42 AM,No,Manual,sydwisccm01.global.thenational.com:52311,bjackson,16256 MB,150905 MB,243696 MB,10.16.200.0
SYDW1NSL9M2,Win7 6.1.7601,3400 MHz Core i7-6700,4/13/2018 9:28:00 AM,No,Manual,sydwisccm01.global.thenational.com:52311,gmcneill,16256 MB,156782 MB,243696 MB,10.16.200.0
SYDW1PC7HY1,Win7 6.1.7601,3400 MHz Core i7-3770,4/12/2018 10:48,No,Manual,sydwisccm01.global.thenational.com:52311,<none>,16320 MB,1 MB,121792 MB,10.16.200.0
SYDW1TD1ZY1,Win7 6.1.7601,3400 MHz Core i7-3770,2/13/2018 4:36:00 PM,No,Manual,sydwisccm01.global.thenational.com:52311,nminnock,16320 MB,5070 MB,121792 MB,10.16.200.0
SYDW1VD1ZY1,Win7 6.1.7601,3400 MHz Core i7-3770,4/13/2018 10:15:53 AM,No,Manual,sydwisccm01.global.thenational.com:52311,cdavelis,16320 MB,565 MB,121792 MB,10.16.200.0
SYDW1YM3GY1,Win7 6.1.7601,3400 MHz Core i7-3770,4/13/2018 10:25:13 AM,No,Manual,A3GEO3P0254.aur.national.com.au:52311,jrowe,16320 MB,21953 MB,121792 MB,10.16.67.0
SYDW1Z7CHY1,Win7 6.1.7601,3400 MHz Core i7-3770,4/13/2018 10:20:54 AM,No,Manual,sydwisccm01.global.thenational.com:52311,mkeeble,16320 MB,12069 MB,121792 MB,10.16.200.0
SYDW1ZD1ZY1,Win7 6.1.7601,3400 MHz Core i7-3770,4/13/2018 10:29:39 AM,No,Manual,a42078p0001.aur.national.com.au:52311,<none>,16320 MB,22792 MB,121792 MB,10.99.127.0
SYDW20N3GY1,Win7 6.1.7601,3400 MHz Core i7-3770,4/13/2018 10:19:45 AM,No,Manual,sydwisccm01.global.thenational.com:52311,n140717,16320 MB,3305 MB,121792 MB,10.16.200.0
SYDW233BHY1,Win7 6.1.7601,3400 MHz Core i7-3770,4/13/2018 10:28:03 AM,No,Manual,bkhwisads01.global.thenational.com:52311,<none>,16320 MB,38580 MB,121792 MB,10.16.95.0
SYDW23F1ZY1,Win7 6.1.7601,3400 MHz Core i7-3770,4/13/2018 10:19:00 AM,No,Manual,sydwisccm01.global.thenational.com:52311,mcoad,16320 MB,1242 MB,121792 MB,10.16.200.0
SYDW24F1ZY1,Win7 6.1.7601,3400 MHz Core i7-3770,4/13/2018 10:15:23 AM,No,Manual,sydwisccm01.global.thenational.com:52311,acliu,16320 MB,4180 MB,121792 MB,10.16.200.0
SYDW291DHY1,Win7 6.1.7601,3400 MHz Core i7-3770,4/13/2018 10:20:14 AM,No,Manual,bkhwisads01.global.thenational.com:52311,<none>,16320 MB,37292 MB,121792 MB,10.16.95.0
SYDW2FN3GY1,Win7 6.1.7601,3400 MHz Core i7-3770,4/13/2018 10:20:13 AM,No,Manual,sydwisccm01.global.thenational.com:52311,whorsnel,16320 MB,21787 MB,121792 MB,10.16.200.0
SYDW2HP4GY1,Win7 6.1.7601,3400 MHz Core i7-3770,4/13/2018 10:29:07 AM,No,Manual,a42055p0001.aur.national.com.au:52311,mabraham,16320 MB,6266 MB,121792 MB,10.99.153.0
SYDW2JB8HY1,Win7 6.1.7601,3400 MHz Core i7-3770,4/13/2018 8:30:01 AM,No,Manual,a42055p0001.aur.national.com.au:52311,rcoyne,16320 MB,44422 MB,121602 MB,10.99.153.0
SYDW2N66HY1,Win7 6.1.7601,3400 MHz Core i7-3770,4/13/2018 10:28:09 AM,No,Manual,bkhwisads01.global.thenational.com:52311,<none>,16320 MB,29432 MB,121792 MB,10.16.95.0
SYDW2RC5C2S,Win7 6.1.7601,3400 MHz Core i7-2600,4/13/2018 10:16:14 AM,No,Manual,sydwisccm01.global.thenational.com:52311,sedney,16256 MB,126 MB,121792 MB,10.16.65.0
SYDW2RR4NW1,Win7 6.1.7601,3400 MHz Core i7-3770,4/13/2018 10:08:45 AM,No,Manual,sydwisccm01.global.thenational.com:52311,wlewis,16320 MB,13737 MB,121792 MB,10.16.200.0
SYDW2SR4NW1,Win7 6.1.7601,3400 MHz Core i7-3770,4/12/2018 23:13,No,Manual,sydwisccm01.global.thenational.com:52311,imunro,16320 MB,36685 MB,121602 MB,10.16.200.0
SYDW2VR4NW1,Win7 6.1.7601,3400 MHz Core i7-3770,4/13/2018 10:28:19 AM,No,Manual,sydwisccm01.global.thenational.com:52311,jlachman,16320 MB,28461 MB,121792 MB,10.16.200.0
SYDW2Y57HY1,Win7 6.1.7601,3400 MHz Core i7-3770,4/13/2018 10:12:54 AM,No,Manual,bkhwisads01.global.thenational.com:52311,<none>,16320 MB,32005 MB,121792 MB,10.16.95.0
SYDW2Z7CHY1,Win7 6.1.7601,3400 MHz Core i7-3770,4/13/2018 10:20:31 AM,No,Manual,sydwisccm01.global.thenational.com:52311,lkirwan,16320 MB,4171 MB,121792 MB,10.16.200.0
SYDW30P60J2,Win7 6.1.7601,3400 MHz Core i7-6700,4/13/2018 10:18:03 AM,No,Manual,sydwisccm01.global.thenational.com:52311,<none>,16256 MB,84278 MB,243696 MB,10.16.200.0
SYDW32P4GY1,Win7 6.1.7601,3400 MHz Core i7-3770,4/13/2018 10:29:58 AM,No,Manual,sydwisccm01.global.thenational.com:52311,ntaylor2,16320 MB,14744 MB,121792 MB,10.16.200.0
SYDW3472F2S,Win7 6.1.7601,3400 MHz Core i7-2600,4/13/2018 10:28:01 AM,No,Manual,sydwisccm01.global.thenational.com:52311,imunro,16352 MB,11316 MB,121792 MB,10.16.200.0
SYDW35F1ZY1,Win7 6.1.7601,3400 MHz Core i7-3770,4/13/2018 10:17:38 AM,No,Manual,sydwisccm01.global.thenational.com:52311,jahowlan,16320 MB,39450 MB,121792 MB,10.16.200.0
SYDW35Q4GY1,Win7 6.1.7601,3400 MHz Core i7-3770,4/13/2018 10:13:40 AM,No,Manual,sydwisccm01.global.thenational.com:52311,mpham,16320 MB,3723 MB,121792 MB,10.16.200.0
SYDW36F1ZY1,Win7 6.1.7601,3400 MHz Core i7-3770,4/13/2018 10:24:27 AM,No,Manual,sydwisccm01.global.thenational.com:52311,<none>,16320 MB,21550 MB,121792 MB,10.16.200.0
SYDW37R4GY1,Win7 6.1.7601,3400 MHz Core i7-3770,4/13/2018 10:19:28 AM,No,Manual,sydwisccm01.global.thenational.com:52311,<none>,16320 MB,17163 MB,121792 MB,10.16.200.0
SYDW38VVD2S,Win7 6.1.7601,3200 MHz Xeon,4/13/2018 10:22:35 AM,No,Manual,sydwisccm01.global.thenational.com:52311,<none>,16320 MB,139286 MB,243887 MB,10.16.200.0
SYDW391DHY1,Win7 6.1.7601,3400 MHz Core i7-3770,4/13/2018 10:18:28 AM,No,Manual,bkhwisads01.global.thenational.com:52311,<none>,16320 MB,7818 MB,121792 MB,10.16.95.0
SYDW39NZWX1,Win7 6.1.7601,3400 MHz Core i7-3770,4/13/2018 10:12:50 AM,No,Manual,sydwisccm01.global.thenational.com:52311,<none>,16320 MB,4809 MB,121792 MB,10.16.200.0
SYDW39XHG2S,Win7 6.1.7601,3200 MHz Xeon,4/13/2018 10:22:31 AM,No,Manual,sydwisccm01.global.thenational.com:52311,n095788,16320 MB,110758 MB,243272 MB,10.16.36.0
SYDW3CZH4Y1,Win7 6.1.7601,3400 MHz Core i7-3770,4/13/2018 10:20:19 AM,No,Manual,sydwisccm01.global.thenational.com:52311,<none>,16320 MB,15409 MB,121792 MB,10.16.200.0
SYDW3JP4GY1,Win7 6.1.7601,3400 MHz Core i7-3770,3/21/2018 10:43:08 AM,No,Manual,sydwisccm01.global.thenational.com:52311,<none>,16320 MB,9244 MB,121792 MB,10.16.200.0
SYDW3KN3GY1,Win7 6.1.7601,3400 MHz Core i7-3770,4/13/2018 10:21:24 AM,No,Manual,A3GEO3P0252.aur.national.com.au:52311,mgribble,16320 MB,1363 MB,121792 MB,10.99.104.0
SYDW3LTL8X1,Win7 6.1.7601,3400 MHz Core i7-3770,4/13/2018 10:25:41 AM,No,Manual,sydwisccm01.global.thenational.com:52311,jpapalka,16320 MB,3437 MB,121792 MB,10.16.200.0
SYDW3P7R7C2,Win7 6.1.7601,3600 MHz Core i7-4790,4/13/2018 9:53:05 AM,No,Manual,sydwisccm01.global.thenational.com:52311,mhuirua,16320 MB,123429 MB,243696 MB,10.16.200.0
SYDW3P8J7C2,Win7 6.1.7601,3600 MHz Core i7-4790,4/13/2018 9:27:25 AM,No,Manual,sydwisccm01.global.thenational.com:52311,japoon,16320 MB,152992 MB,243696 MB,10.16.200.0
SYDW3P8R7C2,Win7 6.1.7601,3600 MHz Core i7-4790,4/13/2018 10:26:30 AM,No,Manual,sydwisccm01.global.thenational.com:52311,nlowe,16320 MB,136568 MB,243880 MB,10.16.200.0
SYDW3P9H7C2,Win7 6.1.7601,3600 MHz Core i7-4790,4/13/2018 10:17:06 AM,No,Manual,sydwisccm01.global.thenational.com:52311,ysong,16320 MB,124745 MB,243696 MB,10.16.208.0
SYDW3P9L7C2,Win7 6.1.7601,3600 MHz Core i7-4790,4/13/2018 9:44:18 AM,No,Manual,sydwisccm01.global.thenational.com:52311,mmiklavs,16320 MB,111179 MB,243880 MB,10.16.200.0
SYDW3P9Q7C2,Win7 6.1.7601,3600 MHz Core i7-4790,4/13/2018 10:23:19 AM,No,Manual,sydwisccm01.global.thenational.com:52311,dmullard,16320 MB,100006 MB,243880 MB,10.16.200.0
SYDW3P9R7C2,Win7 6.1.7601,3600 MHz Core i7-4790,4/13/2018 9:12:38 AM,No,Manual,sydwisccm01.global.thenational.com:52311,dzhang,16320 MB,73089 MB,243880 MB,10.16.200.0
SYDW3PBH7C2,Win7 6.1.7601,3600 MHz Core i7-4790,4/13/2018 10:02:11 AM,No,Manual,aupr2bf016nabrm.aur.national.com.au:52311,n071847,16320 MB,142797 MB,243696 MB,10.101.227.0
SYDW3PBK7C2,Win7 6.1.7601,3600 MHz Core i7-4790,4/13/2018 10:28:45 AM,No,Manual,sydwisccm01.global.thenational.com:52311,tsmith2,16320 MB,85068 MB,243880 MB,10.16.200.0
SYDW3PBL7C2,Win7 6.1.7601,3600 MHz Core i7-4790,4/13/2018 10:27:56 AM,No,Manual,sydwisccm01.global.thenational.com:52311,crintoul,16320 MB,123288 MB,243880 MB,10.16.200.0
SYDW3PBP7C2,Win7 6.1.7601,3600 MHz Core i7-4790,4/13/2018 10:26:02 AM,No,Manual,sydwisccm01.global.thenational.com:52311,<none>,16320 MB,71154 MB,243696 MB,10.16.200.0
SYDW3PBQ7C2,Win7 6.1.7601,3600 MHz Core i7-4790,4/13/2018 9:41:42 AM,No,Manual,sydwisccm01.global.thenational.com:52311,nminnock,16320 MB,144021 MB,243696 MB,10.16.200.0
SYDW3PBR7C2,Win7 6.1.7601,3600 MHz Core i7-4790,4/13/2018 10:06:36 AM,No,Manual,sydwisccm01.global.thenational.com:52311,mjenkins,16320 MB,107729 MB,243696 MB,10.16.200.0
SYDW3PCH7C2,Win7 6.1.7601,3600 MHz Core i7-4790,4/13/2018 10:29:05 AM,No,Manual,sydwisccm01.global.thenational.com:52311,mpitts,16288 MB,123719 MB,243880 MB,10.16.200.0
SYDW3PCK7C2,Win7 6.1.7601,3600 MHz Core i7-4790,4/13/2018 9:57:52 AM,No,Manual,sydwisccm01.global.thenational.com:52311,tdu,16320 MB,159657 MB,243880 MB,10.16.200.0
SYDW3PCL7C2,Win7 6.1.7601,3600 MHz Core i7-4790,4/13/2018 9:16:09 AM,No,Manual,sydwisccm01.global.thenational.com:52311,luen,16320 MB,137169 MB,243880 MB,10.16.200.0
SYDW3PCM7C2,Win7 6.1.7601,3600 MHz Core i7-4790,4/13/2018 10:18:16 AM,No,Manual,sydwisccm01.global.thenational.com:52311,n091437,16320 MB,59643 MB,243696 MB,10.16.200.0
SYDW3PCN7C2,Win7 6.1.7601,3600 MHz Core i7-4790,4/13/2018 9:48:30 AM,No,Manual,sydwisccm01.global.thenational.com:52311,eyeow,16320 MB,127505 MB,243696 MB,10.16.200.0
SYDW3PCP7C2,Win7 6.1.7601,3600 MHz Core i7-4790,4/13/2018 10:15:23 AM,No,Manual,a42055p0001.aur.national.com.au:52311,nsaini1,16320 MB,90606 MB,243880 MB,10.99.127.0
SYDW3PCR7C2,Win7 6.1.7601,3600 MHz Core i7-4790,4/13/2018 10:24:19 AM,No,Manual,sydwisccm01.global.thenational.com:52311,jtsmith1,16320 MB,134587 MB,243880 MB,10.16.200.0
SYDW3PDH7C2,Win7 6.1.7601,3600 MHz Core i7-4790,4/13/2018 9:25:01 AM,No,Manual,sydwisccm01.global.thenational.com:52311,dgay,16320 MB,137639 MB,243880 MB,10.16.200.0
SYDW3PDJ7C2,Win7 6.1.7601,3600 MHz Core i7-4790,4/13/2018 10:19:07 AM,No,Manual,sydwisccm01.global.thenational.com:52311,tdu,16320 MB,107365 MB,243880 MB,10.16.200.0
SYDW3PDK7C2,Win7 6.1.7601,3600 MHz Core i7-4790,2/02/2018 7:32,No,Manual,sydwisccm01.global.thenational.com:52311,<none>,16320 MB,109891 MB,243880 MB,10.16.200.0
SYDW3PDL7C2,Win7 6.1.7601,3600 MHz Core i7-4790,4/11/2018 15:26,No,Manual,sydwisccm01.global.thenational.com:52311,nsmyth,16320 MB,69262 MB,243880 MB,10.16.200.0
SYDW3PDP7C2,Win7 6.1.7601,3600 MHz Core i7-4790,4/13/2018 9:46:45 AM,No,Manual,sydwisccm01.global.thenational.com:52311,jhunt1,16320 MB,127047 MB,243880 MB,10.16.208.0
SYDW3PDR7C2,Win7 6.1.7601,3600 MHz Core i7-4790,4/13/2018 10:10:57 AM,No,Manual,sydwisccm01.global.thenational.com:52311,alowe,16320 MB,110331 MB,243880 MB,10.16.200.0
SYDW3SD1ZY1,Win7 6.1.7601,3400 MHz Core i7-3770,4/13/2018 8:08:00 AM,No,Manual,sydwisccm01.global.thenational.com:52311,<none>,16320 MB,36823 MB,121602 MB,10.16.16.0
SYDW3Y57HY1,Win7 6.1.7601,3400 MHz Core i7-3770,4/13/2018 10:29:46 AM,No,Manual,bkhwisads01.global.thenational.com:52311,<none>,16320 MB,41910 MB,121792 MB,10.16.95.0
SYDW41F1ZY1,Win7 6.1.7601,3400 MHz Core i7-3770,4/13/2018 10:26:44 AM,No,Manual,sydwisccm01.global.thenational.com:52311,Jbennet1,16320 MB,18991 MB,121792 MB,10.16.200.0
SYDW47F1ZY1,Win7 6.1.7601,3400 MHz Core i7-3770,4/13/2018 10:16:56 AM,No,Manual,sydwisccm01.global.thenational.com:52311,jli1,16320 MB,20268 MB,121792 MB,10.16.200.0
SYDW48N3GY1,Win7 6.1.7601,3400 MHz Core i7-3770,4/13/2018 10:21:22 AM,No,Manual,a42078p0001.aur.national.com.au:52311,lkaranic,16320 MB,20920 MB,121792 MB,10.99.104.0
SYDW491DHY1,Win7 6.1.7601,3400 MHz Core i7-3770,4/13/2018 10:24:29 AM,No,Manual,bkhwisads01.global.thenational.com:52311,<none>,16320 MB,39935 MB,121792 MB,10.16.95.0
SYDW4HR4NW1,Win7 6.1.7601,3400 MHz Core i7-3770,4/13/2018 10:20:10 AM,No,Manual,sydwisccm01.global.thenational.com:52311,Jbutcher,16320 MB,21899 MB,121792 MB,10.16.200.0
SYDW4JR4NW1,Win7 6.1.7601,3400 MHz Core i7-3770,4/13/2018 10:21:22 AM,No,Manual,sydwisccm01.global.thenational.com:52311,jtoomey,16320 MB,16675 MB,121792 MB,10.16.200.0
SYDW4JZH4Y1,Win7 6.1.7601,3400 MHz Core i7-3770,4/13/2018 10:20:23 AM,No,Manual,sydwisccm01.global.thenational.com:52311,ekazepid,16320 MB,32810 MB,121792 MB,10.16.200.0
SYDW4KHXD2S,Win7 6.1.7601,3400 MHz Core i7-2600,2/12/2018 9:40,No,Manual,sydwisccm01.global.thenational.com:52311,bjackson,16352 MB,5686 MB,121792 MB,10.16.200.0
SYDW4LP4GY1,Win7 6.1.7601,3400 MHz Core i7-3770,4/13/2018 10:26:01 AM,No,Manual,sydwisccm01.global.thenational.com:52311,amckisso,16320 MB,12187 MB,121792 MB,10.16.200.0
SYDW4MTL8X1,Win7 6.1.7601,3400 MHz Core i7-3770,4/13/2018 10:29:39 AM,No,Manual,sydwisccm01.global.thenational.com:52311,mmccall,16320 MB,6988 MB,121792 MB,10.16.200.0
SYDW4N66HY1,Win7 6.1.7601,3400 MHz Core i7-3770,4/13/2018 10:17:21 AM,No,Manual,bkhwisads01.global.thenational.com:52311,<none>,16320 MB,31043 MB,121792 MB,10.16.95.0
SYDW4PMZWX1,Win7 6.1.7601,3400 MHz Core i7-3770,4/13/2018 10:14:11 AM,No,Manual,sydwisccm01.global.thenational.com:52311,jbonic,16320 MB,1274 MB,121792 MB,10.16.200.0
SYDW4RD1ZY1,Win7 6.1.7601,3400 MHz Core i7-3770,4/13/2018 10:13:40 AM,No,Manual,sydwisccm01.global.thenational.com:52311,<none>,16320 MB,29843 MB,121792 MB,10.16.200.0
SYDW4ZM3GY1,Win7 6.1.7601,3400 MHz Core i7-3770,4/13/2018 10:25:34 AM,No,Manual,sydwisccm01.global.thenational.com:52311,<none>,16320 MB,1912 MB,121792 MB,10.16.200.0
SYDW4ZQ4GY1,Win7 6.1.7601,3400 MHz Core i7-3770,4/13/2018 10:15:26 AM,No,Manual,sydwisccm01.global.thenational.com:52311,tmahoney,16320 MB,18186 MB,121792 MB,10.16.200.0
SYDW50F1ZY1,Win7 6.1.7601,3400 MHz Core i7-3770,1/24/2018 1:19:57 PM,No,Manual,sydwisccm01.global.thenational.com:52311,<none>,16320 MB,15171 MB,121792 MB,10.16.200.0
SYDW51ZRF2S,Win7 6.1.7601,3400 MHz Core i7-3770,4/13/2018 10:24:12 AM,No,Manual,sydwisccm01.global.thenational.com:52311,spoon,16320 MB,16594 MB,121792 MB,10.16.200.0
SYDW52F1ZY1,Win7 6.1.7601,3400 MHz Core i7-3770,4/13/2018 10:22:41 AM,No,Manual,sydwisccm01.global.thenational.com:52311,n140530,16320 MB,16560 MB,121792 MB,10.16.200.0
SYDW52N3GY1,Win7 6.1.7601,3400 MHz Core i7-3770,4/13/2018 10:21:13 AM,No,Manual,sydwisccm01.global.thenational.com:52311,whorsnel,16320 MB,2151 MB,121792 MB,10.16.200.0
SYDW55F1ZY1,Win7 6.1.7601,3400 MHz Core i7-3770,4/13/2018 10:22:00 AM,No,Manual,sydwisccm01.global.thenational.com:52311,rmass,16320 MB,36527 MB,121792 MB,10.16.36.0
SYDW55N6F2S,Win7 6.1.7601,3400 MHz Core i7-2600,4/13/2018 10:23:07 AM,No,Manual,sydwisccm01.global.thenational.com:52311,<none>,16256 MB,44656 MB,121792 MB,10.16.200.0
SYDW591DHY1,Win7 6.1.7601,3400 MHz Core i7-3770,4/13/2018 10:27:02 AM,No,Manual,bkhwisads01.global.thenational.com:52311,<none>,16320 MB,35608 MB,121792 MB,10.16.95.0
SYDW59XHG2S,Win7 6.1.7601,3200 MHz Xeon,4/13/2018 10:29:02 AM,No,Manual,sydwisccm01.global.thenational.com:52311,n138382,16320 MB,95487 MB,243272 MB,10.16.200.0
SYDW5BXHG2S,Win7 6.1.7601,3200 MHz Xeon,4/13/2018 10:21:31 AM,No,Manual,sydwisccm01.global.thenational.com:52311,cdavelis,16320 MB,126069 MB,243272 MB,10.16.200.0
SYDW5F06GY1,Win7 6.1.7601,3400 MHz Core i7-3770,4/13/2018 10:05:35 AM,No,Manual,sydwisccm01.global.thenational.com:52311,ssivaraj,16320 MB,36076 MB,121792 MB,10.16.200.0
SYDW5GP3GY1,Win7 6.1.7601,3400 MHz Core i7-3770,4/13/2018 10:29:00 AM,No,Manual,sydwisccm01.global.thenational.com:52311,n147660,16320 MB,9924 MB,121792 MB,10.16.200.0
SYDW5KHXD2S,Win7 6.1.7601,3400 MHz Core i7-2600,4/13/2018 9:46:59 AM,No,Manual,sydwisccm01.global.thenational.com:52311,<none>,16256 MB,52065 MB,121792 MB,10.16.200.0
SYDW61Q4GY1,Win7 6.1.7601,3400 MHz Core i7-3770,4/13/2018 10:13:38 AM,No,Manual,sydwisccm01.global.thenational.com:52311,cchuang,16320 MB,1563 MB,121792 MB,10.16.200.0
SYDW61RQD2S,Win7 6.1.7601,3400 MHz Core i7-2600,4/13/2018 10:28:08 AM,No,Manual,sydwisccm01.global.thenational.com:52311,awyllie,16256 MB,12427 MB,121792 MB,10.16.68.0
SYDW63F1ZY1,Win7 6.1.7601,3400 MHz Core i7-3770,4/13/2018 10:19:40 AM,No,Manual,sydwisccm01.global.thenational.com:52311,<none>,16320 MB,13598 MB,121792 MB,10.16.200.0
SYDW64F1ZY1,Win7 6.1.7601,3400 MHz Core i7-3770,4/13/2018 10:26:08 AM,No,Manual,sydwisccm01.global.thenational.com:52311,dadamo,16320 MB,11909 MB,121792 MB,10.16.200.0
SYDW64Q4GY1,Win7 6.1.7601,3400 MHz Core i7-3770,4/13/2018 9:49:11 AM,No,Manual,sydwisccm01.global.thenational.com:52311,<none>,16320 MB,9756 MB,121792 MB,10.16.200.0
SYDW677CB2S,Win7 6.1.7601,3400 MHz Core i7-2600,4/03/2018 19:55,No,Manual,sydwisccm01.global.thenational.com:52311,<none>,16352 MB,21970 MB,121792 MB,10.16.200.0
SYDW67F1ZY1,Win7 6.1.7601,3400 MHz Core i7-3770,4/13/2018 10:16:30 AM,No,Manual,sydwisccm01.global.thenational.com:52311,ptjohnst,16320 MB,441 MB,121792 MB,10.16.200.0
SYDW69XHG2S,Win7 6.1.7601,3200 MHz Xeon,4/13/2018 10:22:34 AM,No,Manual,sydwisccm01.global.thenational.com:52311,<none>,16320 MB,143173 MB,243272 MB,10.16.200.0
SYDW6FZH4Y1,Win7 6.1.7601,3400 MHz Core i7-3770,4/13/2018 10:12:12 AM,No,Manual,sydwisccm01.global.thenational.com:52311,skeats,16320 MB,13686 MB,121792 MB,10.16.200.0
SYDW6GN3GY1,Win7 6.1.7601,3400 MHz Core i7-3770,4/13/2018 9:56:27 AM,No,Manual,sydwisccm01.global.thenational.com:52311,<none>,16320 MB,55059 MB,121602 MB,10.16.200.0
SYDW71RQD2S,Win7 6.1.7601,3400 MHz Core i7-2600,4/13/2018 9:14:41 AM,No,Manual,A3GEO3P0253.aur.national.com.au:52311,mgreer,16256 MB,3269 MB,121792 MB,10.99.102.0
SYDW73N3GY1,Win7 6.1.7601,3400 MHz Core i7-3770,4/13/2018 10:22:24 AM,No,Manual,sydwisccm01.global.thenational.com:52311,<none>,16320 MB,19743 MB,121792 MB,10.16.68.0
SYDW73RQD2S,Win7 6.1.7601,3400 MHz Core i7-2600,4/13/2018 10:19:15 AM,No,Manual,sydwisccm01.global.thenational.com:52311,cgaram,16352 MB,13036 MB,121792 MB,10.16.37.0
SYDW76ZH4Y1,Win7 6.1.7601,3400 MHz Core i7-3770,4/13/2018 10:21:30 AM,No,Manual,sydwisccm01.global.thenational.com:52311,jchristof,16320 MB,6002 MB,121792 MB,10.16.200.0
SYDW79P4GY1,Win7 6.1.7601,3400 MHz Core i7-3770,4/13/2018 10:24:05 AM,No,Manual,sydwisccm01.global.thenational.com:52311,n138382,16320 MB,31012 MB,121792 MB,10.16.200.0
SYDW7D06GY1,Win7 6.1.7601,3400 MHz Core i7-3770,4/13/2018 10:22:23 AM,No,Manual,sydwisccm01.global.thenational.com:52311,gshort,16320 MB,8797 MB,121792 MB,10.16.200.0
SYDW7F06GY1,Win7 6.1.7601,3400 MHz Core i7-3770,4/12/2018 20:56,No,Manual,sydwisccm01.global.thenational.com:52311,rbeaney,16320 MB,31262 MB,121792 MB,10.16.200.0
SYDW7SD1ZY1,Win7 6.1.7601,3400 MHz Core i7-3770,4/13/2018 10:23:55 AM,No,Manual,sydwisccm01.global.thenational.com:52311,mpayne,16320 MB,17905 MB,121792 MB,10.16.200.0
SYDW7TD1ZY1,Win7 6.1.7601,3400 MHz Core i7-3770,4/13/2018 10:16:15 AM,No,Manual,sydwisccm01.global.thenational.com:52311,astevens,16320 MB,560 MB,121792 MB,<multiple results>
SYDW7WD1ZY1,Win7 6.1.7601,3400 MHz Core i7-3770,4/13/2018 10:16:23 AM,No,Manual,sydwisccm01.global.thenational.com:52311,ldryden1,16320 MB,11933 MB,121792 MB,10.16.200.0
SYDW7Y3GG2S,Win7 6.1.7601,3400 MHz Core i7-3770,4/13/2018 10:28:52 AM,No,Manual,sydwisccm01.global.thenational.com:52311,bhildyar,16320 MB,9336 MB,121792 MB,10.16.200.0
SYDW7ZWL4Y1,Win7 6.1.7601,3400 MHz Core i7-3770,4/13/2018 9:04:53 AM,No,Manual,sydwisccm01.global.thenational.com:52311,tsmith2,16320 MB,51581 MB,121792 MB,10.16.200.0
SYDW82NZWX1,Win7 6.1.7601,3400 MHz Core i7-3770,4/13/2018 8:56:12 AM,No,Manual,sydwisccm01.global.thenational.com:52311,svc_quicpt_tst,16320 MB,22741 MB,121602 MB,10.16.16.0
SYDW83R4GY1,Win7 6.1.7601,3400 MHz Core i7-3770,4/13/2018 10:29:07 AM,No,Manual,sydwisccm01.global.thenational.com:52311,nalam,16320 MB,2041 MB,121792 MB,10.16.200.0
SYDW85N3GY1,Win7 6.1.7601,3400 MHz Core i7-3770,4/13/2018 10:20:19 AM,No,Manual,sydwisccm01.global.thenational.com:52311,dhooton,16320 MB,20745 MB,121792 MB,10.16.200.0
SYDW877CB2S,Win7 6.1.7601,3400 MHz Core i7-2600,4/12/2018 11:56,No,Manual,A3GEO3P0254.aur.national.com.au:52311,<none>,16256 MB,9259 MB,121792 MB,10.99.119.0
SYDW8JQVD2S,Win7 6.1.7601,3400 MHz Core i7-3770,4/13/2018 10:22:26 AM,No,Manual,sydwisccm01.global.thenational.com:52311,noliveri,16320 MB,39378 MB,121602 MB,10.16.200.0
SYDW8LTL8X1,Win7 6.1.7601,3400 MHz Core i7-3770,4/13/2018 10:26:32 AM,No,Manual,sydwisccm01.global.thenational.com:52311,n134189,16320 MB,2056 MB,121792 MB,10.16.200.0
SYDW8N8FC2S,Win7 6.1.7601,3400 MHz Core i7-2600,4/13/2018 9:18:30 AM,No,Manual,sydwisccm01.global.thenational.com:52311,<none>,16256 MB,53156 MB,121792 MB,10.16.200.0
SYDW8ZD1ZY1,Win7 6.1.7601,3400 MHz Core i7-3770,4/13/2018 10:25:32 AM,No,Manual,sydwisccm01.global.thenational.com:52311,jpapalka,16320 MB,19612 MB,121792 MB,10.16.200.0
SYDW94N3GY1,Win7 6.1.7601,3400 MHz Core i7-3770,4/13/2018 10:17:30 AM,No,Manual,sydwisccm01.global.thenational.com:52311,jahowlan,16320 MB,1642 MB,121792 MB,10.16.200.0
SYDW9GZLRK2,Win7 6.1.7601,3400 MHz Core i7-6700,4/13/2018 9:55:59 AM,No,Manual,sydwisccm01.global.thenational.com:52311,nswan,16256 MB,165172 MB,243696 MB,10.16.200.0
SYDW9H1MRK2,Win7 6.1.7601,3400 MHz Core i7-6700,4/13/2018 10:28:16 AM,No,Manual,sydwisccm01.global.thenational.com:52311,dgiovane,16256 MB,63129 MB,243696 MB,10.16.200.0
SYDW9H3RRK2,Win7 6.1.7601,3400 MHz Core i7-6700,4/13/2018 10:12:03 AM,No,Manual,sydwisccm01.global.thenational.com:52311,ssivaraj,16256 MB,83933 MB,243696 MB,10.16.36.0
SYDW9H5MRK2,Win7 6.1.7601,3400 MHz Core i7-6700,4/13/2018 9:43:38 AM,No,Manual,sydwisccm01.global.thenational.com:52311,uparekh,16256 MB,151232 MB,243696 MB,10.16.200.0
SYDW9H6PRK2,Win7 6.1.7601,3400 MHz Core i7-6700,4/13/2018 9:33:02 AM,No,Manual,aupr2bf016nabrm.aur.national.com.au:52311,<none>,16256 MB,155342 MB,243696 MB,10.101.227.0
SYDW9H7QRK2,Win7 6.1.7601,3400 MHz Core i7-6700,4/13/2018 8:13:26 AM,No,Manual,sydwisccm01.global.thenational.com:52311,lslavtch,16256 MB,50806 MB,243696 MB,10.16.200.0
SYDW9H9LRK2,Win7 6.1.7601,3400 MHz Core i7-6700,4/13/2018 9:49:25 AM,No,Manual,sydwisccm01.global.thenational.com:52311,<none>,16256 MB,65513 MB,243696 MB,10.16.200.0
SYDW9HBYTK2,Win7 6.1.7601,3400 MHz Core i7-6700,4/13/2018 9:47:40 AM,No,Manual,sydwisccm01.global.thenational.com:52311,nlee,16256 MB,155612 MB,243696 MB,10.16.200.0
SYDW9HDYTK2,Win7 6.1.7601,3400 MHz Core i7-6700,4/13/2018 9:44:21 AM,No,Manual,sydwisccm01.global.thenational.com:52311,<none>,16256 MB,122472 MB,243696 MB,10.16.200.0
SYDW9JB8HY1,Win7 6.1.7601,3400 MHz Core i7-3770,4/13/2018 10:29:56 AM,No,Manual,sydwisccm01.global.thenational.com:52311,mclowes,16320 MB,17813 MB,121792 MB,10.16.200.0
SYDW9N8FC2S,Win7 6.1.7601,3400 MHz Core i7-2600,3/06/2018 13:13,No,Manual,sydwisccm01.global.thenational.com:52311,<none>,16352 MB,30934 MB,121792 MB,10.16.200.0
SYDW9QR4NW1,Win7 6.1.7601,3400 MHz Core i7-3770,4/13/2018 10:21:11 AM,No,Manual,sydwisccm01.global.thenational.com:52311,mji,16320 MB,1681 MB,121792 MB,10.16.200.0
SYDW9RP4GY1,Win7 6.1.7601,3400 MHz Core i7-3770,4/12/2018 17:24,No,Manual,sydwisccm01.global.thenational.com:52311,jwark,16320 MB,9342 MB,121792 MB,10.16.37.0
SYDW9TR4NW1,Win7 6.1.7601,3400 MHz Core i7-3770,4/13/2018 9:10:16 AM,No,Manual,sydwisccm01.global.thenational.com:52311,<none>,16320 MB,53423 MB,121792 MB,10.16.200.0
SYDW9XP4GY1,Win7 6.1.7601,3400 MHz Core i7-3770,4/13/2018 10:27:44 AM,No,Manual,sydwisccm01.global.thenational.com:52311,spetrie,16320 MB,18668 MB,121792 MB,10.16.200.0
SYDWB1N3GY1,Win7 6.1.7601,3400 MHz Core i7-3770,4/13/2018 10:21:33 AM,No,Manual,sydwisccm01.global.thenational.com:52311,rororke,16320 MB,1707 MB,121792 MB,10.16.200.0
SYDWB1ZRF2S,Win7 6.1.7601,3400 MHz Core i7-3770,4/13/2018 10:20:13 AM,No,Manual,sydwisccm01.global.thenational.com:52311,<multiple results>,16320 MB,26409 MB,121792 MB,10.16.200.0
SYDWB2F1ZY1,Win7 6.1.7601,3400 MHz Core i7-3770,4/13/2018 10:14:41 AM,No,Manual,sydwisccm01.global.thenational.com:52311,ehamilt1,16320 MB,2821 MB,121792 MB,10.16.200.0
SYDWB3F1ZY1,Win7 6.1.7601,3400 MHz Core i7-3770,4/06/2018 10:28,No,Manual,sydwisccm01.global.thenational.com:52311,<none>,16320 MB,16927 MB,121792 MB,10.16.200.0
SYDWB9XHG2S,Win7 6.1.7601,3200 MHz Xeon,4/13/2018 10:12:48 AM,No,Manual,sydwisccm01.global.thenational.com:52311,n140530,16320 MB,111247 MB,243272 MB,10.16.200.0
SYDWBB06GY1,Win7 6.1.7601,3400 MHz Core i7-3770,4/13/2018 10:26:31 AM,No,Manual,sydwisccm01.global.thenational.com:52311,jchu2,16320 MB,5472 MB,121792 MB,10.16.200.0
SYDWBCNZWX1,Win7 6.1.7601,3400 MHz Core i7-3770,4/13/2018 10:21:30 AM,No,Manual,sydwisccm01.global.thenational.com:52311,<none>,16320 MB,3853 MB,121792 MB,10.16.200.0
SYDWBFZH4Y1,Win7 6.1.7601,3400 MHz Core i7-3770,4/13/2018 7:39:01 AM,No,Manual,sydwisccm01.global.thenational.com:52311,n095788,16320 MB,48564 MB,121792 MB,10.16.200.0
SYDWBJB8HY1,Win7 6.1.7601,3400 MHz Core i7-3770,4/13/2018 6:29:27 AM,No,Manual,sydwisccm01.global.thenational.com:52311,rattrill,16320 MB,20652 MB,121792 MB,10.16.200.0
SYDWBL39HY1,Win7 6.1.7601,3400 MHz Core i7-3770,4/13/2018 10:16:32 AM,No,Manual,bkhwisads01.global.thenational.com:52311,<none>,16320 MB,40462 MB,121792 MB,10.16.95.0
SYDWBLTL8X1,Win7 6.1.7601,3400 MHz Core i7-3770,4/13/2018 10:20:02 AM,No,Manual,sydwisccm01.global.thenational.com:52311,falvarez,16320 MB,1588 MB,121792 MB,10.16.208.0
SYDWBMTL8X1,Win7 6.1.7601,3400 MHz Core i7-3770,3/20/2018 5:38:19 PM,No,Manual,sydwisccm01.global.thenational.com:52311,<none>,16320 MB,29136 MB,121792 MB,10.16.200.0
SYDWBPR4NW1,Win7 6.1.7601,3400 MHz Core i7-3770,4/13/2018 10:11:42 AM,No,Manual,sydwisccm01.global.thenational.com:52311,apinder,16320 MB,19303 MB,121792 MB,10.16.200.0
SYDWBRMZWX1,Win7 6.1.7601,3400 MHz Core i7-3770,4/13/2018 10:21:35 AM,No,Manual,sydwisccm01.global.thenational.com:52311,mcoad,16320 MB,7634 MB,121792 MB,10.16.200.0
SYDWBRN3GY1,Win7 6.1.7601,3400 MHz Core i7-3770,4/13/2018 10:23:11 AM,No,Manual,sydwisccm01.global.thenational.com:52311,rgriffit,16320 MB,419 MB,121792 MB,10.16.200.0
SYDWBRR4NW1,Win7 6.1.7601,3400 MHz Core i7-3770,4/13/2018 10:28:43 AM,No,Manual,sydwisccm01.global.thenational.com:52311,tsmith2,16320 MB,649 MB,121792 MB,10.16.200.0
SYDWBTD1ZY1,Win7 6.1.7601,3400 MHz Core i7-3770,4/13/2018 9:48:36 AM,No,Manual,sydwisccm01.global.thenational.com:52311,sharyn,16320 MB,8903 MB,121792 MB,10.16.200.0
SYDWBTXFF22,Win7 6.1.7601,3400 MHz Core i7-4770,4/13/2018 9:36:27 AM,No,Manual,sydwisccm01.global.thenational.com:52311,japoon,16320 MB,89142 MB,243880 MB,10.16.200.0
SYDWBVD1ZY1,Win7 6.1.7601,3400 MHz Core i7-3770,4/13/2018 10:13:14 AM,No,Manual,sydwisccm01.global.thenational.com:52311,dmaher,16320 MB,2569 MB,121792 MB,10.16.200.0
SYDWBZD1ZY1,Win7 6.1.7601,3400 MHz Core i7-3770,4/13/2018 10:24:11 AM,No,Manual,sydwisccm01.global.thenational.com:52311,rharper,16320 MB,15763 MB,121792 MB,10.16.200.0
SYDWC1R4GY1,Win7 6.1.7601,3400 MHz Core i7-3770,4/13/2018 10:15:44 AM,No,Manual,sydwisccm01.global.thenational.com:52311,<none>,16320 MB,2149 MB,121792 MB,10.16.200.0
SYDWC9XHG2S,Win7 6.1.7601,3200 MHz Xeon,4/13/2018 10:15:25 AM,No,Manual,sydwisccm01.global.thenational.com:52311,jtoomey,16320 MB,85672 MB,243272 MB,10.16.200.0
SYDWCL39HY1,Win7 6.1.7601,3400 MHz Core i7-3770,4/13/2018 10:14:19 AM,No,Manual,bkhwisads01.global.thenational.com:52311,<none>,16320 MB,27619 MB,121792 MB,10.16.95.0
SYDWCP94HY1,Win7 6.1.7601,3400 MHz Core i7-3770,4/13/2018 10:29:41 AM,No,Manual,bkhwisads01.global.thenational.com:52311,<none>,16320 MB,34289 MB,121792 MB,10.16.95.0
SYDWCT89HY1,Win7 6.1.7601,3400 MHz Core i7-3770,4/13/2018 10:19:47 AM,No,Manual,a42055p0001.aur.national.com.au:52311,<multiple results>,16256 MB,22073 MB,121792 MB,10.99.104.0
SYDWD4P4GY1,Win7 6.1.7601,3400 MHz Core i7-3770,4/13/2018 10:19:49 AM,No,Manual,sydwisccm01.global.thenational.com:52311,mlawler,16320 MB,889 MB,121792 MB,10.16.200.0
SYDWD906GY1,Win7 6.1.7601,3400 MHz Core i7-3770,4/13/2018 10:23:43 AM,No,Manual,sydwisccm01.global.thenational.com:52311,smcevoy,16320 MB,8978 MB,121792 MB,10.16.200.0
SYDWD9XHG2S,Win7 6.1.7601,3200 MHz Xeon,4/13/2018 10:23:42 AM,No,Manual,sydwisccm01.global.thenational.com:52311,lkirwan,16320 MB,138509 MB,243272 MB,10.16.200.0
SYDWDB06GY1,Win7 6.1.7601,3400 MHz Core i7-3770,4/13/2018 8:57:53 AM,No,Manual,sydwisccm01.global.thenational.com:52311,bwatt,16320 MB,5518 MB,121792 MB,10.16.200.0
SYDWDL39HY1,Win7 6.1.7601,3400 MHz Core i7-3770,4/13/2018 10:14:30 AM,No,Manual,bkhwisads01.global.thenational.com:52311,<none>,16320 MB,45033 MB,121792 MB,10.16.95.0
SYDWDNP4GY1,Win7 6.1.7601,3400 MHz Core i7-3770,4/13/2018 10:15:11 AM,No,Manual,sydwisccm01.global.thenational.com:52311,tmahoney,16320 MB,35326 MB,121792 MB,10.16.200.0
SYDWDP94HY1,Win7 6.1.7601,3400 MHz Core i7-3770,4/13/2018 10:29:28 AM,No,Manual,bkhwisads01.global.thenational.com:52311,<none>,16320 MB,30470 MB,121792 MB,10.16.95.0
SYDWDRZ2V72,Win7 6.1.7601,3300 MHz Core i5-4590,4/13/2018 10:01:34 AM,No,Manual,a42078p0001.aur.national.com.au:52311,scurtin,8096 MB,52722 MB,121792 MB,10.99.116.0
SYDWDSZHH62,Win7 6.1.7601,3300 MHz Core i5-4590,4/13/2018 10:13:52 AM,No,Manual,sydwisccm01.global.thenational.com:52311,mhuirua,8096 MB,58553 MB,121792 MB,10.16.200.0
SYDWDY48HY1,Win7 6.1.7601,3400 MHz Core i7-3770,4/13/2018 10:17:33 AM,No,Manual,bkhwisads01.global.thenational.com:52311,<none>,16320 MB,40668 MB,121792 MB,10.16.95.0
SYDWDZD1ZY1,Win7 6.1.7601,3400 MHz Core i7-3770,4/13/2018 10:27:28 AM,No,Manual,sydwisccm01.global.thenational.com:52311,nnery,16320 MB,4383 MB,121792 MB,10.16.200.0
SYDWF3F1ZY1,Win7 6.1.7601,3400 MHz Core i7-3770,4/13/2018 10:08:47 AM,No,Manual,sydwisccm01.global.thenational.com:52311,khurrell,16320 MB,4610 MB,121792 MB,10.16.200.0
SYDWF4F1ZY1,Win7 6.1.7601,3400 MHz Core i7-3770,3/26/2018 7:38:09 AM,No,Manual,sydwisccm01.global.thenational.com:52311,<none>,16320 MB,11122 MB,121792 MB,10.16.200.0
SYDWF7F1ZY1,Win7 6.1.7601,3400 MHz Core i7-3770,4/13/2018 10:22:53 AM,No,Manual,sydwisccm01.global.thenational.com:52311,wchen,16320 MB,4957 MB,121792 MB,<multiple results>
SYDWF8D6HY1,Win7 6.1.7601,3400 MHz Core i7-3770,4/13/2018 10:23:27 AM,No,Manual,sydwisccm01.global.thenational.com:52311,n024909,16320 MB,9074 MB,121792 MB,10.16.200.0
SYDWFLTL8X1,Win7 6.1.7601,3400 MHz Core i7-3770,4/04/2018 17:40,No,Manual,sydwisccm01.global.thenational.com:52311,jfeeney,16320 MB,15938 MB,121792 MB,10.16.200.0
SYDWFP94HY1,Win7 6.1.7601,3400 MHz Core i7-3770,4/13/2018 10:21:52 AM,No,Manual,bkhwisads01.global.thenational.com:52311,<none>,16320 MB,43940 MB,121792 MB,10.16.95.0
SYDWFP95HY1,Win7 6.1.7601,3400 MHz Core i7-3770,4/13/2018 10:19:49 AM,No,Manual,bkhwisads01.global.thenational.com:52311,<none>,16320 MB,38339 MB,121792 MB,10.16.95.0
SYDWFWD1ZY1,Win7 6.1.7601,3400 MHz Core i7-3770,4/13/2018 10:21:46 AM,No,Manual,sydwisccm01.global.thenational.com:52311,emlawson,16320 MB,21790 MB,121792 MB,10.16.200.0
SYDWFXD1ZY1,Win7 6.1.7601,3400 MHz Core i7-3770,4/13/2018 10:17:06 AM,No,Manual,sydwisccm01.global.thenational.com:52311,dwheatle,16320 MB,1484 MB,121792 MB,10.16.200.0
SYDWFY48HY1,Win7 6.1.7601,3400 MHz Core i7-3770,4/13/2018 10:27:16 AM,No,Manual,bkhwisads01.global.thenational.com:52311,<none>,16320 MB,31045 MB,121792 MB,10.16.95.0
SYDWFYD1ZY1,Win7 6.1.7601,3400 MHz Core i7-3770,4/13/2018 10:08:46 AM,No,Manual,sydwisccm01.global.thenational.com:52311,kkarlo,16320 MB,2319 MB,121792 MB,10.16.200.0
SYDWFYWL4Y1,Win7 6.1.7601,3400 MHz Core i7-3770,4/13/2018 10:28:38 AM,No,Manual,sydwisccm01.global.thenational.com:52311,trathbun,16320 MB,18024 MB,121792 MB,10.16.200.0
SYDWG1F1ZY1,Win7 6.1.7601,3400 MHz Core i7-3770,4/13/2018 8:47:28 AM,No,Manual,sydwisccm01.global.thenational.com:52311,rhatami,16320 MB,13522 MB,121792 MB,10.16.200.0
SYDWG23BHY1,Win7 6.1.7601,3400 MHz Core i7-3770,4/13/2018 10:22:25 AM,No,Manual,bkhwisads01.global.thenational.com:52311,<none>,16320 MB,38872 MB,121792 MB,10.16.95.0
SYDWG2F1ZY1,Win7 6.1.7601,3400 MHz Core i7-3770,4/13/2018 10:18:20 AM,No,Manual,sydwisccm01.global.thenational.com:52311,rororke,16320 MB,2945 MB,121792 MB,10.16.200.0
SYDWG6F1ZY1,Win7 6.1.7601,3400 MHz Core i7-3770,4/13/2018 10:20:09 AM,No,Manual,sydwisccm01.global.thenational.com:52311,ahope,16320 MB,6977 MB,121792 MB,10.16.200.0
SYDWG7NZWX1,Win7 6.1.7601,3400 MHz Core i7-3770,4/13/2018 10:28:09 AM,No,Manual,sydwisccm01.global.thenational.com:52311,icolhoun,16320 MB,18826 MB,121792 MB,10.16.200.0
SYDWG7P3GY1,Win7 6.1.7601,3400 MHz Core i7-3770,4/13/2018 8:32:18 AM,No,Manual,A3GEO3P0253.aur.national.com.au:52311,tburgess,16320 MB,14223 MB,121792 MB,10.99.104.0
SYDWGC6BS62,Win7 6.1.7601,3600 MHz Core i7-4790,4/13/2018 9:14:31 AM,No,Manual,sydwisccm01.global.thenational.com:52311,<none>,16320 MB,136447 MB,243880 MB,10.16.200.0
SYDWGC6HH62,Win7 6.1.7601,3600 MHz Core i7-4790,4/13/2018 9:48:04 AM,No,Manual,sydwisccm01.global.thenational.com:52311,hkiang,16320 MB,52848 MB,243880 MB,10.16.200.0
SYDWGC7GS62,Win7 6.1.7601,3600 MHz Core i7-4790,4/13/2018 10:04:32 AM,No,Manual,aupr2bf016nabrm.aur.national.com.au:52311,n106466,16320 MB,117594 MB,243696 MB,10.101.227.0
SYDWGC7M862,Win7 6.1.7601,3600 MHz Core i7-4790,4/13/2018 10:28:19 AM,No,Manual,sydwisccm01.global.thenational.com:52311,dshanaha,16320 MB,61076 MB,243880 MB,10.16.200.0
SYDWGC81H82,Win7 6.1.7601,3600 MHz Core i7-4790,4/13/2018 8:25:13 AM,No,Manual,sydwisccm01.global.thenational.com:52311,fmerino,16320 MB,76186 MB,243696 MB,10.16.200.0
SYDWGC85V72,Win7 6.1.7601,3600 MHz Core i7-4790,4/13/2018 10:14:01 AM,No,Manual,sydwisccm01.global.thenational.com:52311,tkobylew,16320 MB,18495 MB,243880 MB,10.16.200.0
SYDWGC8GH62,Win7 6.1.7601,3600 MHz Core i7-4790,4/13/2018 10:15:21 AM,No,Manual,sydwisccm01.global.thenational.com:52311,bherden,16320 MB,145265 MB,243880 MB,10.16.200.0
SYDWGC8JH62,Win7 6.1.7601,3600 MHz Core i7-4790,4/13/2018 10:18:24 AM,No,Manual,sydwisccm01.global.thenational.com:52311,ggoode,16320 MB,127937 MB,243880 MB,10.16.200.0
SYDWGD06GY1,Win7 6.1.7601,3400 MHz Core i7-3770,4/13/2018 10:21:13 AM,No,Manual,sydwisccm01.global.thenational.com:52311,tdu,16352 MB,11437 MB,121792 MB,10.16.200.0
SYDWGF06GY1,Win7 6.1.7601,3400 MHz Core i7-3770,4/13/2018 10:16:07 AM,No,Manual,sydwisccm01.global.thenational.com:52311,smetzke,16320 MB,6448 MB,121792 MB,10.16.200.0
SYDWGL39HY1,Win7 6.1.7601,3400 MHz Core i7-3770,4/13/2018 10:22:24 AM,No,Manual,bkhwisads01.global.thenational.com:52311,<none>,16320 MB,40544 MB,121792 MB,10.16.95.0
SYDWGT89HY1,Win7 6.1.7601,3400 MHz Core i7-3770,4/13/2018 10:17:30 AM,No,Manual,sydwisccm01.global.thenational.com:52311,dmacedon,16320 MB,13870 MB,121792 MB,10.16.200.0
SYDWGTN3GY1,Win7 6.1.7601,3400 MHz Core i7-3770,4/13/2018 10:21:35 AM,No,Manual,sydwisccm01.global.thenational.com:52311,mtodd,16320 MB,7205 MB,121792 MB,10.16.200.0
SYDWGX57HY1,Win7 6.1.7601,3400 MHz Core i7-3770,4/13/2018 10:15:25 AM,No,Manual,bkhwisads01.global.thenational.com:52311,<none>,16320 MB,28854 MB,121792 MB,10.16.95.0
SYDWGY48HY1,Win7 6.1.7601,3400 MHz Core i7-3770,4/13/2018 10:26:04 AM,No,Manual,bkhwisads01.global.thenational.com:52311,<none>,16320 MB,36955 MB,121792 MB,10.16.95.0
SYDWH23BHY1,Win7 6.1.7601,3400 MHz Core i7-3770,4/13/2018 10:29:42 AM,No,Manual,bkhwisads01.global.thenational.com:52311,<none>,16320 MB,43274 MB,121792 MB,10.16.95.0
SYDWH7P4GY1,Win7 6.1.7601,3400 MHz Core i7-3770,3/28/2018 10:03:49 AM,No,Manual,sydwisccm01.global.thenational.com:52311,jawatson,16320 MB,1 MB,121792 MB,10.16.200.0
SYDWH8TL102,Win7 6.1.7601,3200 MHz Core i5-4570,4/13/2018 10:26:12 AM,No,Manual,sydwisccm01.global.thenational.com:52311,japoon,8096 MB,401188 MB,476626 MB,10.16.200.0
SYDWHF06GY1,Win7 6.1.7601,3400 MHz Core i7-3770,4/13/2018 10:19:56 AM,No,Manual,sydwisccm01.global.thenational.com:52311,bjackson,16320 MB,41858 MB,121792 MB,10.16.200.0
SYDWHK2CHY1,Win7 6.1.7601,3400 MHz Core i7-3770,4/13/2018 10:20:59 AM,No,Manual,bkhwisads01.global.thenational.com:52311,<none>,16320 MB,35569 MB,121792 MB,10.16.95.0
SYDWHLTL8X1,Win7 6.1.7601,3400 MHz Core i7-3770,2/07/2018 15:46,No,Manual,sydwisccm01.global.thenational.com:52311,cwoo,16320 MB,18252 MB,121792 MB,10.16.200.0
SYDWHM66HY1,Win7 6.1.7601,3400 MHz Core i7-3770,4/13/2018 10:27:18 AM,No,Manual,bkhwisads01.global.thenational.com:52311,<none>,16320 MB,41060 MB,121792 MB,10.16.95.0
SYDWHRD1ZY1,Win7 6.1.7601,3400 MHz Core i7-3770,4/13/2018 10:27:08 AM,No,Manual,sydwisccm01.global.thenational.com:52311,astanley,16320 MB,33669 MB,121792 MB,10.16.200.0
SYDWHSD1ZY1,Win7 6.1.7601,3400 MHz Core i7-3770,3/28/2018 3:24:57 PM,No,Manual,sydwisccm01.global.thenational.com:52311,mdohert1,16320 MB,6801 MB,121792 MB,10.16.200.0
SYDWHX57HY1,Win7 6.1.7601,3400 MHz Core i7-3770,4/13/2018 10:26:34 AM,No,Manual,bkhwisads01.global.thenational.com:52311,<none>,16320 MB,30780 MB,121792 MB,10.16.95.0
SYDWHY48HY1,Win7 6.1.7601,3400 MHz Core i7-3770,4/13/2018 10:14:30 AM,No,Manual,bkhwisads01.global.thenational.com:52311,<none>,16320 MB,42282 MB,121792 MB,10.16.95.0
SYDWHZN4GY1,Win7 6.1.7601,3400 MHz Core i7-3770,1/12/2018 12:51,No,Manual,a42055p0001.aur.national.com.au:52311,rcoyne,16320 MB,49747 MB,121602 MB,10.99.153.0
SYDWJ0N3GY1,Win7 6.1.7601,3400 MHz Core i7-3770,4/13/2018 10:21:46 AM,No,Manual,sydwisccm01.global.thenational.com:52311,njovanov,16320 MB,13186 MB,121792 MB,10.16.200.0
SYDWJ23BHY1,Win7 6.1.7601,3400 MHz Core i7-3770,4/13/2018 10:13:38 AM,No,Manual,bkhwisads01.global.thenational.com:52311,<none>,16320 MB,22583 MB,121792 MB,10.16.95.0
SYDWJ4R4GY1,Win7 6.1.7601,3400 MHz Core i7-3770,4/13/2018 10:20:05 AM,No,Manual,sydwisccm01.global.thenational.com:52311,atobin,16320 MB,11734 MB,121792 MB,10.16.200.0
SYDWJ5F1ZY1,Win7 6.1.7601,3400 MHz Core i7-3770,4/13/2018 10:14:55 AM,No,Manual,sydwisccm01.global.thenational.com:52311,ashrivas,16320 MB,10416 MB,121792 MB,10.16.200.0
SYDWJ8XHG2S,Win7 6.1.7601,3200 MHz Xeon,4/13/2018 10:21:24 AM,No,Manual,sydwisccm01.global.thenational.com:52311,wlewis,16320 MB,122261 MB,243272 MB,10.16.200.0
SYDWJBN3GY1,Win7 6.1.7601,3400 MHz Core i7-3770,4/13/2018 10:29:22 AM,No,Manual,sydwisccm01.global.thenational.com:52311,n095788,16320 MB,13043 MB,121792 MB,10.16.200.0
SYDWJD06GY1,Win7 6.1.7601,3400 MHz Core i7-3770,4/13/2018 10:23:16 AM,No,Manual,sydwisccm01.global.thenational.com:52311,mpriest2,16320 MB,6430 MB,121792 MB,10.16.200.0
SYDWJGZH4Y1,Win7 6.1.7601,3400 MHz Core i7-3770,4/13/2018 10:20:22 AM,No,Manual,sydwisccm01.global.thenational.com:52311,echeang,16320 MB,6834 MB,121792 MB,10.16.200.0
SYDWJK2CHY1,Win7 6.1.7601,3400 MHz Core i7-3770,4/13/2018 9:56:35 AM,No,Manual,bkhwisads01.global.thenational.com:52311,<none>,16320 MB,34178 MB,121792 MB,10.16.95.0
SYDWJLTL8X1,Win7 6.1.7601,3400 MHz Core i7-3770,4/13/2018 10:21:42 AM,No,Manual,sydwisccm01.global.thenational.com:52311,apmencin,16320 MB,271 MB,121792 MB,10.16.200.0
SYDWJNN3GY1,Win7 6.1.7601,3400 MHz Core i7-3770,4/13/2018 9:39:29 AM,No,Manual,sydwisccm01.global.thenational.com:52311,<none>,16320 MB,32667 MB,121792 MB,10.16.200.0
SYDWJX57HY1,Win7 6.1.7601,3400 MHz Core i7-3770,4/13/2018 10:13:05 AM,No,Manual,bkhwisads01.global.thenational.com:52311,<none>,16320 MB,30086 MB,121792 MB,10.16.95.0
SYDWJY48HY1,Win7 6.1.7601,3400 MHz Core i7-3770,4/13/2018 10:29:40 AM,No,Manual,bkhwisads01.global.thenational.com:52311,<none>,16320 MB,38358 MB,121792 MB,10.16.95.0
SYDWJYN4GY1,Win7 6.1.7601,3400 MHz Core i7-3770,4/13/2018 10:12:55 AM,No,Manual,sydwisccm01.global.thenational.com:52311,<none>,16320 MB,20163 MB,121792 MB,10.16.188.0
